R_400nm,R_410nm,R_420nm,R_430nm,R_440nm,R_450nm,R_460nm,R_470nm,R_480nm,R_490nm,R_500nm,R_510nm,R_520nm,R_530nm,R_540nm,R_550nm,R_560nm,R_570nm,R_580nm,R_590nm,R_600nm,R_610nm,R_620nm,R_630nm,R_640nm,R_650nm,R_660nm,R_670nm,R_680nm,R_690nm,R_700nm,R_710nm,R_720nm,R_730nm,R_740nm,R_750nm,R_760nm,R_770nm,R_780nm,R_790nm,R_800nm,hemangioma
0.011036926080575717,0.011193985870002017,0.012118815105535403,0.015448389112399711,0.023297488495884956,0.03377340965371248,0.043690202887797694,0.054543000023007396,0.06392134081916104,0.07300952943140619,0.08149323120191469,0.08888515807523227,0.08662388251935035,0.07397386236189155,0.06714054956049317,0.07550236335639518,0.08879516858818157,0.0807553674684009,0.08102738241271765,0.1365578150634545,0.20483998160826947,0.24408445431321316,0.2647935237123399,0.28018978675505957,0.29340498202562115,0.3049018510446371,0.31512507120514766,0.325009382189081,0.3343422566302129,0.3438892108930601,0.3525585284929905,0.3583562317276278,0.3654547564129539,0.37052452163237587,0.3765356507615627,0.3817273770395967,0.3865658510814728,0.3917252415157844,0.39583220967152233,0.40102875706634006,0.4053280644457417,0
0.004794369131966726,0.005074777688715182,0.005357556717819776,0.005728521032157067,0.006699543479268965,0.00832195026778582,0.01060153466040309,0.013220006951452132,0.015531324721017448,0.017786105978739974,0.019781608642889102,0.02082818380119608,0.01888832775656316,0.015230648354846043,0.01377149327212492,0.015026226702240311,0.0169528002437115,0.016005198118948714,0.016139298132812757,0.028586808688736996,0.06611444717639055,0.1162641925206414,0.15194671139999766,0.17854031091121567,0.19702304965031736,0.21201271583875606,0.22296746641426882,0.2336052836662869,0.24360131147996328,0.2577821469921049,0.26657411374927925,0.27132441080026753,0.2783905565142103,0.28188917762353155,0.2812057927347175,0.2785107800669408,0.27643517894592035,0.27894066817577695,0.28186317283930457,0.2830619461551841,0.2843684612169816,1
0.011831527586403798,0.011485076534280367,0.012328438865237101,0.014851220548417636,0.021920651209193613,0.032964143290298384,0.043631296602046094,0.05487862664385159,0.06441511574174354,0.07349621011545779,0.08128577028593663,0.0874456109323038,0.08238642309766091,0.06626721727946011,0.05814997383331939,0.06493833125833645,0.07657185582183074,0.06841878232309609,0.06813775203630353,0.12410872872706996,0.20728035286883748,0.261572096410286,0.2888939908237446,0.30720556299538165,0.3208684814638474,0.3341498379270837,0.34424348109978214,0.3540106685772739,0.3641876396151351,0.3732523807641722,0.38112493436943706,0.3860324374307915,0.3925695303223765,0.39636595552026693,0.4011846229375152,0.4057251787374233,0.40819856106192604,0.4119563254366309,0.415270480191288,0.41882992191838286,0.4218576121191516,0
0.003784335739175766,0.003958901171076437,0.004273228159216423,0.004647750616282299,0.005294542728727189,0.006631670250018866,0.008438764520974699,0.01055340339260142,0.012535101765287132,0.014632517672362054,0.016318354514760318,0.017366971066352255,0.015887170137664098,0.013295026587847066,0.012266474732455578,0.013230529494229495,0.014951565705605234,0.014155512720407576,0.014547639478998122,0.025618532033864508,0.05765986044071441,0.09974983717129673,0.1292420417345812,0.15214817701222622,0.1683086296497142,0.18153247795349098,0.19186206055629976,0.20277593038689265,0.21291840914874188,0.22483465261514812,0.2355344374619052,0.2407677180208824,0.24915561376209427,0.25324988873993026,0.25362649017768985,0.25272200430190617,0.25206392890702833,0.25591416452362115,0.2606040925738922,0.2630355528332654,0.2648070356160445,1
0.014207313781656477,0.01364583010945679,0.014058522544803921,0.016499972835656743,0.02337490021501782,0.03523436274592432,0.046765697306239286,0.05899450966149683,0.06912880976674673,0.0780895143327134,0.08564853121334688,0.09040737709622111,0.08121855409116197,0.06144036454860742,0.05202402520489993,0.05774536924450031,0.06848721952345604,0.05938546755390973,0.05823334063343293,0.1146199616570427,0.21944726984051105,0.3003453319567838,0.33943819390120433,0.3638195493752419,0.3810189173692367,0.39383107820178015,0.4039422586444925,0.4129540909154524,0.42189305256152787,0.43006026223483834,0.4367569654296595,0.439409685179792,0.4439268108037484,0.4458169116310968,0.44741294053565744,0.449187310495056,0.44897150476521314,0.4514524990451931,0.45203649974876625,0.45213039961521617,0.45335653534359166,0
0.005263078211436058,0.005552582321951667,0.005811015395166326,0.006342751724928823,0.007409102315199651,0.010108060798890687,0.013393899451124604,0.01694042469876107,0.020408988871453867,0.02341397405051876,0.025903870459302716,0.027278672439297727,0.02460454425269893,0.019390618254973683,0.01731639669411143,0.018617496384322214,0.021506033897403944,0.020005248540907922,0.020414280837450127,0.037546449281030805,0.08293944414966632,0.136522060048945,0.17180128205004716,0.19692855445236618,0.21486830674389676,0.22863453456789673,0.24016594035183678,0.25089216264547853,0.26192601211095,0.2742691468945917,0.2847043572786281,0.2900324318967381,0.29857694151329295,0.3022821456775839,0.3038253080559144,0.30170345800023773,0.30088360103602424,0.3045813961290594,0.3089203019730213,0.31136353445333653,0.313563779896233,1
0.011922332705179776,0.011939436215214278,0.01287801206743861,0.016124925325146356,0.023724268364223047,0.035005444309287585,0.04540382163629791,0.05644381195066118,0.06584643749897927,0.07497860655481893,0.08340641100173128,0.09056373403307603,0.08820682285437856,0.0752494457123811,0.06832196957862015,0.07626572325774708,0.0891181302085078,0.08124493152057309,0.08211340268163712,0.1370219580323646,0.20619965645678717,0.24781401079929005,0.26919130900207866,0.2858410107162011,0.2992830728421298,0.31130979542419857,0.32232701600694846,0.33173507877756103,0.34179865073271404,0.3517284363344235,0.3600052703875626,0.36658496098076837,0.37387229912999864,0.37951594212590956,0.384619805698014,0.3896878079718123,0.3939080257157118,0.39873717083754195,0.4038766048595435,0.40803923512521206,0.41208157116968297,0
0.016561091503988684,0.01624334805266238,0.01620269741340845,0.016647302657401875,0.018477885217652944,0.024705811174250983,0.03187033299605048,0.03897417664434632,0.044876341923516035,0.04847232198575998,0.050907572610804155,0.050841261853010876,0.04328433049658901,0.03297875505635203,0.027973230816034176,0.029445607519341412,0.03237346614747836,0.029715317421474152,0.029721539030496957,0.05150574137493866,0.11596548805433368,0.20200242975931523,0.259988170015713,0.3008818323726455,0.3258780256016285,0.3444995101204527,0.3567430816165307,0.36807723639145334,0.3795411728995052,0.3957186852540595,0.40718913380874794,0.4109565143168586,0.4188815615244581,0.4179442053869016,0.41033437921421284,0.3987921460671599,0.39031976468607954,0.3914732968857643,0.39556843331747454,0.3946268482960281,0.3929247585493038,1
0.02321412744034856,0.02257858798713541,0.02386360416038086,0.02970311440791063,0.044266714549388235,0.06301456558138913,0.07881583393798279,0.0946492193550133,0.10797875233373075,0.12039800375974224,0.13139796737634749,0.14017665459461862,0.13582350711673583,0.11672085110304965,0.10612965800412393,0.1170740205278421,0.13391779962906833,0.12287548470181046,0.12265810734201756,0.19418878814802026,0.27482862805362085,0.3178866919278731,0.33908111630250415,0.3543770317781009,0.36763008225096255,0.37829170093377845,0.38759941133837833,0.3966571824423292,0.40556902218473223,0.4140506255322248,0.4213332434163384,0.42734531079498667,0.4330739181673429,0.4374833706922974,0.44154700028145316,0.44639901847160085,0.4503890053720481,0.4546351929142705,0.45827761133439676,0.46204111862648956,0.4658208612255885,0
0.009710386407779029,0.009793196993374467,0.010030868016108039,0.010599476541456765,0.011909180681727013,0.015422295271312628,0.019720912153471964,0.024429057280308877,0.02826308668232997,0.03132689131449358,0.03294926587239097,0.03340231563404985,0.029203414286424433,0.023122718512263125,0.020276983327863613,0.021357094775449607,0.02346311857201082,0.02203913005818487,0.022277729115215434,0.03787091948532099,0.08451358899731504,0.14958261146075866,0.19598245921295396,0.2290164957318897,0.25151781030593046,0.2674030216221835,0.2791959657543857,0.2906365943343156,0.3032501002785087,0.3195438014191152,0.3318458042484289,0.3372645431526355,0.3456851589577388,0.3472328390543269,0.3427194915617099,0.33446989056919707,0.3287797522929612,0.33076463936157696,0.3367868077902565,0.3375548929113022,0.3369323642454582,1
0.01870604795647239,0.017555088905941117,0.01833343474917826,0.021867762800188397,0.032735412302662414,0.0482067529955808,0.06249236313931503,0.07769377674064358,0.09013280245754748,0.1016960450582558,0.11068199490523278,0.11759245426123789,0.10692748056918151,0.08275211699129545,0.07087382000634908,0.07858928709856118,0.09292525107482089,0.08027619695332014,0.07876155896467674,0.14856053350371523,0.2607477678990087,0.3366280251868993,0.3698012274469409,0.3913825292113458,0.40630532417313153,0.4186807581139515,0.42775257781190607,0.43716330976668716,0.44429473514494133,0.45201351640755133,0.4591735735175101,0.4612417023088577,0.46566347851651646,0.46718977560279074,0.4693031613944962,0.47080905351746716,0.4718546862201316,0.47328725589099596,0.4747888542669838,0.47560433710877154,0.4765687541669315,0
0.011179737873046144,0.011171573593923283,0.011280321027913215,0.01192790779005382,0.01350503513610782,0.01793251821536043,0.02388752296453988,0.029584157171625755,0.034269731530276716,0.037806622770860526,0.03992889833222608,0.04044505713427748,0.034978795862888795,0.02720451589673947,0.023688188310287992,0.0248117151627201,0.027435095298540036,0.025547951072925457,0.025743932869307144,0.04488146296876227,0.09883122658338864,0.16986102012336493,0.2188973706524814,0.253193858690841,0.2755690002702475,0.2919800525623623,0.30435892707108586,0.31575141223971986,0.32802214456655315,0.3438774341756623,0.35596595789896945,0.3620888865812881,0.3706141463194068,0.3721443612401916,0.36821409219671397,0.36044537545017896,0.3543709143835204,0.3574829971548315,0.36278861253662253,0.3628787631880955,0.3638798774982545,1
0.009059024393322993,0.009001735504595697,0.009717511450351648,0.011489888316379586,0.016495546168154022,0.024833326079526676,0.03306264332933942,0.042381813106156956,0.05077790769933555,0.05828705039418344,0.06529936109153762,0.07030916977920172,0.06432544755654902,0.05007477979633567,0.04296385200474882,0.04871880704567517,0.05835978276953493,0.05074853787738536,0.050443293404614134,0.0985919129073516,0.18394400583410334,0.24785043790464853,0.2792239591522168,0.3005124365746303,0.31592443502526707,0.32854774914404733,0.338163096218359,0.34835454921407094,0.3561859694060051,0.36669718558039494,0.3734268126510158,0.3776965442691498,0.3826937358343286,0.3865634670906624,0.38996658180875565,0.39253554766816473,0.3948262359594388,0.39781954755384297,0.40034829076377043,0.4023053439312391,0.40480819951214786,0
0.013521764704795445,0.013153550767606588,0.013378901039707788,0.014135158744950147,0.015619454867417202,0.020270937431327993,0.025965967469926767,0.031934840670566636,0.03674708954466457,0.04026766568525621,0.04227073635360436,0.04247072303947485,0.03670880521879259,0.028078414865066396,0.024258616865946873,0.025628764022560598,0.02814568451937252,0.026029307535088964,0.026297746281712803,0.04487592257761033,0.10300714699341618,0.18395037426631142,0.2406887319321313,0.2811695587748955,0.3072144767011972,0.32472376164493105,0.3372543799010968,0.34825254958695767,0.35975058772976254,0.37611405672574716,0.38702884603856164,0.3900779897780406,0.39693014817180017,0.3950064422023824,0.3885563077527652,0.37812695989179135,0.36892534906331886,0.3696212242303162,0.3731122809589244,0.371081363946362,0.3690246551857776,1
0.006489319663324315,0.006873223463800367,0.007804971774336311,0.00998697790097927,0.014911388164089701,0.021344233722476215,0.027557256369144488,0.03486241804366327,0.04140627378121302,0.04842400518119397,0.05532285055635579,0.06177876252076178,0.06293331860319597,0.05719387361489219,0.054176673326453366,0.06175805426800898,0.07243571723433939,0.06853455243892104,0.07044229771891805,0.1114890717884388,0.15734276345798534,0.18356559682114088,0.1992499174101254,0.21256588946591493,0.2243630390465306,0.23545461371512574,0.24558710220838817,0.2558346748576969,0.2658045195658826,0.27499575004419685,0.2845734925177685,0.2920702102542174,0.30006044234734086,0.30743977740177836,0.3140943419223239,0.32106033592740724,0.32853235141698733,0.33443184325979275,0.340877622651532,0.3467056907864441,0.352450579183886,0
0.005157391614245369,0.005441270282300744,0.005833912224043873,0.006220891214357759,0.007017656731803027,0.009310980045554642,0.012235418437411601,0.015175582306573666,0.01835924298408544,0.020877275263819134,0.02305098854613168,0.023896224224117305,0.021654116897358522,0.017401405738640515,0.015586446090632212,0.016733547874873626,0.019084266937049264,0.017874632258252178,0.018231824687340817,0.0324133812668778,0.07166585619269088,0.12121487530361118,0.1555069957332606,0.1801188667126735,0.19825974235066685,0.2121966232585458,0.22375657290560877,0.23455623167541403,0.24584395275520712,0.25902446791857103,0.27019471974393366,0.27652240535216394,0.28575374789664126,0.2897507381840632,0.28916720749130337,0.28732570209654595,0.285111195529365,0.2890520058079965,0.2943887764985295,0.29727543557637165,0.29929276076790823,1
0.006437262333781998,0.006818580938408487,0.007613093836318712,0.00930562373037621,0.013888947122329132,0.020902910426963617,0.027635493814527252,0.03502067347856444,0.04181572580071996,0.04873898554968662,0.05558919686856232,0.06169749758309097,0.06116491696356738,0.05330386277018342,0.04928600741922945,0.055966347734731164,0.06630629214182998,0.061489839240531835,0.06285358816070416,0.10514389672468863,0.15787755480069574,0.18994577835259183,0.2081127585062693,0.22266776805684185,0.2349288216895845,0.24604561708708012,0.25636983232937244,0.2668679724025693,0.2765319132059709,0.2856795185273312,0.2948565956089015,0.3019802466281946,0.30980390392183116,0.3163861231297402,0.3229365235285191,0.32952818517126864,0.3349069536793177,0.33975823030760655,0.3456740844130617,0.35044089980195764,0.35625027044227964,0
0.0044050622853114944,0.004637095827829341,0.005011262774498793,0.005385668160041352,0.006059959928627006,0.007551495381771969,0.009332543573563525,0.011479171904942024,0.013668824228623418,0.015669655004460218,0.017269506244958197,0.01829004994810223,0.01669417291905557,0.01368196868729218,0.012669601862383112,0.01366669947322601,0.015360739699928724,0.014600346771758407,0.014826224960234755,0.025619013943673843,0.05915848878842459,0.1062605723771539,0.13966123997202398,0.1651886981607316,0.18348901837313392,0.1978446110672487,0.20840270384630014,0.21898000710094057,0.22927891265331657,0.24220484578440735,0.2514494875816688,0.2554541535663788,0.26268162032134773,0.2663716324878493,0.26553630383459376,0.2627270131158845,0.26042484981916547,0.2626514017034056,0.26612252253264457,0.2669586228757648,0.26782799236178306,1
0.006666219907309999,0.0069214345840733745,0.0077819704158270855,0.009563905290353928,0.01423112403120089,0.02129238980083344,0.028173989503620808,0.035805152639407235,0.04283011443830901,0.04978413890017735,0.056440595673989735,0.06254218180956624,0.06179984587679457,0.053370147879856576,0.04913573267039449,0.055626710025871995,0.065900939294331,0.06092296575355122,0.06213178308472432,0.10528247931545726,0.16013087132488146,0.1943027680276356,0.2133378484808026,0.22782451797944525,0.24011193792938443,0.2517961121323243,0.262262809752084,0.27249788943635106,0.28189517499031724,0.2915271926664344,0.30035568929656614,0.3079549773468944,0.31589907810426693,0.3224386522999587,0.3284795133240835,0.33457165404732864,0.33995229285982764,0.3455635630807356,0.3513288488516627,0.3563342925749174,0.3615684184048675,0
0.0037748826380828186,0.00404894333659927,0.004306578147241849,0.004649407664228399,0.005353776002738,0.007046939662210902,0.009144493113457337,0.011669152445334487,0.01384685920832863,0.015947879859671575,0.017856090642105416,0.018831754620403603,0.017350977005359768,0.01403124587920259,0.012872444463544427,0.013963840670447428,0.015924315189875984,0.015251212160374185,0.015728220197465444,0.0276781367776557,0.06046141859095318,0.1023201974870202,0.13204676068791876,0.15341069281598246,0.16938179587838603,0.18210462246759207,0.19268026441076572,0.20316022408273507,0.2136557935526125,0.2264031592315625,0.23779609662998874,0.24389656839973547,0.25297616624190405,0.2570122229750422,0.25845229109040396,0.2569000562254258,0.25701491647230584,0.26239370527967276,0.2681211503746689,0.27155947803181146,0.27516941336648626,1
0.05812564277203593,0.05323065059598095,0.054638337532560526,0.06567277034279947,0.09342998677599272,0.12583084292719876,0.15133809283186112,0.17532859254808336,0.19343006712652053,0.21057670275386606,0.22383076739022342,0.23377480271277465,0.22404317018081785,0.19075372573801586,0.17184780166862032,0.18554005851507888,0.2085951627276138,0.18862735231630237,0.18606357044930108,0.2851839098169696,0.3898949748038023,0.4411173906374444,0.46382572658368676,0.47920089039395947,0.4910982269246849,0.5011933821726301,0.5089481889757144,0.515667221008208,0.5223375394632268,0.5282905484599529,0.5328011455663616,0.5354473112435713,0.5389168514133515,0.5393472723728744,0.5414067948794121,0.5425033120773212,0.5425678938481682,0.543740828441957,0.5451513170887611,0.5468534729565946,0.5468191062197812,0
0.006137717906799066,0.006563677217325832,0.006829013119818345,0.007267496650278169,0.00808874409934808,0.010197973014947537,0.012958552807516194,0.0160545559864707,0.018690953448409254,0.020975715503420294,0.0226530286704336,0.023450875525817337,0.02102243955677027,0.01706274646195727,0.015422813652493199,0.01624282798812723,0.018155725336161298,0.01712159457905228,0.017563918538560694,0.029411576870510204,0.06651525196996355,0.11919143117194547,0.1582590399920988,0.18701526152828477,0.2071693016988399,0.22194152037579065,0.2336522413391163,0.24455435365764544,0.25584421546461766,0.27088445053725846,0.28155013877274254,0.2878126165408631,0.29644038220100194,0.2981084727049438,0.29615255358488013,0.2899668058969743,0.28534014295841975,0.28904587312613406,0.29310626936760775,0.2942785824162462,0.29491593461548504,1
0.01767909871495947,0.017228332394520332,0.01820435201136494,0.022734481916127435,0.03439129440716439,0.04920886602495504,0.062357148098248015,0.07600095935749523,0.0876730640087204,0.09863605017948748,0.1089832070353278,0.11681495611392928,0.1126568305873669,0.09519462199862266,0.08574310576392481,0.09511319977953431,0.11091687871418938,0.10082016405691671,0.10031430637279824,0.16594821179607058,0.2461997160532136,0.2911468822845081,0.3135015314940847,0.3295202695768201,0.3425263761127443,0.3541764553767986,0.36519066697748503,0.37405865718920916,0.3828830560183592,0.3918028463755663,0.39945063458271446,0.40544535988370894,0.4114406889135467,0.4162109729922978,0.42014386563824013,0.42468901078796517,0.42868381394205257,0.4322854756039948,0.4361630539740389,0.43968115329982677,0.44356542406122973,0
0.00506345410733868,0.005255685849152309,0.005578906680692038,0.006079748666971763,0.007025807160592932,0.009134981934306853,0.01190875757274122,0.015111064163454077,0.018095457433397463,0.020628536727373206,0.02285992197667622,0.02411059881312833,0.02190349026173237,0.017266150474208652,0.015539312276400598,0.01681863905544747,0.019273027366522238,0.017848954782122943,0.018358389223741202,0.03308999912857999,0.07496175670811614,0.12723696678411564,0.16343018039538626,0.18936860856170756,0.20779903349197312,0.22235195365476057,0.23301069525560084,0.24428938500706973,0.25482214738704534,0.26791964339812324,0.2777574726160136,0.2832894954134817,0.2906095192896747,0.293743178810737,0.2939372152289409,0.2920776021302464,0.2902243827382783,0.29313398648273786,0.2975015987039326,0.29926742676644646,0.3009236161046763,1
0.005522447905832279,0.0058371450997764,0.006421427127173796,0.008001472249206575,0.0117580795368051,0.017354693270289098,0.023027859974009995,0.029540649523216434,0.03563289067696222,0.04194689290271913,0.04760103507245005,0.05330143321507374,0.05291390569959946,0.045724044780974964,0.042048092472087434,0.048082892365919644,0.05768279795036292,0.05305956028766158,0.05420076897129643,0.09378959705824817,0.14624368356748627,0.17920079452083046,0.1970903089964758,0.21225864532108846,0.22473529826728086,0.2356662364679857,0.24608500433921868,0.25659769171579977,0.2659306676231227,0.275779877974138,0.2852828742672055,0.2924467457152302,0.2997469334055106,0.30659395107864756,0.3130743972027775,0.319688047431117,0.3251499797373986,0.33104396600663255,0.3371389102387321,0.34170286333154004,0.34673528607061943,0
0.00833264032001976,0.008451586467932043,0.008929401893306004,0.009389467767175171,0.010650956496591151,0.013445391662644347,0.016918735190717602,0.020579903786051724,0.023711487430511408,0.02663023016860845,0.028543732493726312,0.029629392843889338,0.026218085256467495,0.020828698409521392,0.01846470655855019,0.019733963368769095,0.021812924446573786,0.020225031017068743,0.020211302868640767,0.0353678700349176,0.08360093958698984,0.15127838568322488,0.19970934528045,0.23430413716806617,0.2574197088584553,0.27402637676577296,0.2867141735991447,0.2975727046289092,0.3084106857722623,0.3226534060239084,0.3326140720439043,0.3341109308855451,0.33970473427840886,0.3400975528600875,0.33654357180101535,0.32980469678219515,0.32385746025245915,0.3238138482940016,0.32459958902950153,0.3225534597877812,0.322695023607376,1
0.00998709670830926,0.009768543722217526,0.01039001557922549,0.012191493523537343,0.01734008099854958,0.02562047448867255,0.03368292574094841,0.042879991029738315,0.050984748910635584,0.0588446407087613,0.06541678224620608,0.07031095077180277,0.06452986604820085,0.0497601821332195,0.04327554634124593,0.048284576650688256,0.05830653326934974,0.05074434948579663,0.04978231152156729,0.09823673500689686,0.18534404117310543,0.2497793623559907,0.28153557795495726,0.30299646267276564,0.31838293441926657,0.3314066589356255,0.341879809286214,0.35237113782872415,0.36092342345695777,0.37029320159974116,0.37811857380599667,0.382227549369043,0.38710513784326767,0.39158944233625437,0.39484212555493425,0.3982749463021692,0.4000924199997687,0.40224350390762137,0.40396480610630586,0.40605695166563416,0.40777793910156956,0
0.010917406093765033,0.010926480493245187,0.01137476849994284,0.011816092581283159,0.013240901362765,0.016642170046349773,0.021071443698578322,0.02570413096179139,0.029472937950484505,0.0326416900888312,0.03455133810416914,0.03538580460534151,0.030846464709218112,0.02396106594277215,0.021300331380049154,0.022304761710019314,0.02444836337701838,0.022795070255645544,0.022945332474390564,0.039316758600921466,0.09151509771860811,0.16570025273123418,0.21879203040349848,0.2559623297021782,0.28176677516457743,0.29850172691449256,0.31026436041216376,0.32199405084550986,0.33278851699251144,0.3487389286060248,0.3587659457170899,0.36090451380902694,0.3686194074408302,0.36670709933699364,0.36157445533531374,0.35231194569098306,0.34409472846111394,0.34537707284737507,0.3471608358486696,0.34534427429929676,0.34413756385154287,1
0.036156614151431815,0.03205106626773671,0.03235100472903308,0.037940158826131685,0.05653268092688095,0.08344831078854928,0.10651636446837956,0.12960010724247784,0.14644938084714187,0.16158188350664182,0.17248101485932052,0.17951350399440577,0.1612519038725977,0.12336228494671404,0.10415940205125836,0.11395018942799444,0.13304710759164187,0.11383218501605809,0.1108213655939538,0.20286844077294358,0.3457902391619968,0.43482580175325897,0.47116705921412216,0.4925923740014284,0.5060268160733957,0.5161666417499354,0.5224278011257412,0.5293168907499183,0.5345364079291115,0.5397717325544039,0.5435412536974257,0.5441435931684485,0.545421996005177,0.5447093041353588,0.5445415640304762,0.5433746440574699,0.5426188793226336,0.542640590698432,0.5417343950081343,0.5411963857537967,0.5410784595546079,0
0.003946162230987815,0.004138171579858253,0.0044782083461533005,0.004926912506927551,0.005731037097220074,0.007683723911848535,0.010111954527849498,0.012897673798164581,0.015610697793328502,0.018132901376354857,0.0201289687746726,0.021560770553442306,0.019746873549327082,0.015913456646377642,0.014433780910465828,0.01571928339818518,0.018008597593855574,0.017082913617123795,0.017612652698475447,0.031983092970143914,0.06901855371541425,0.11323412372447536,0.14291065591211988,0.16469550912433972,0.18046029153410095,0.19393252705926028,0.20418636473362026,0.2143233591840695,0.22539667168172262,0.23771183963022705,0.24788930298486986,0.25477089580463125,0.2636767557227321,0.26890795699250186,0.2709823533961003,0.27026718429996777,0.2703436602091384,0.2755617481605706,0.28121355352289124,0.2850169825170019,0.2886721442386084,1
0.005548577255794675,0.005736056282050167,0.006237936770073982,0.007433736664859851,0.010225084264646085,0.015024735346285744,0.020435871836766224,0.02639615902187336,0.03213160721881476,0.037681204652572235,0.042763609528256606,0.04683450227695731,0.04381499893462646,0.035067783987496375,0.03085368563827105,0.035105104458463716,0.042140987975476746,0.03754388697432124,0.037843310192621965,0.07368202095747245,0.13766056872088533,0.18605112299670257,0.2120321358691616,0.2304953675913057,0.24513590408061792,0.2576785765020343,0.2681017503724993,0.2783177896649587,0.28780023156216517,0.29803310971905106,0.30594535776953197,0.31234188566099236,0.3188389886451946,0.3241734850676638,0.32936564966316817,0.3339048428201488,0.33702292008995055,0.3415657588399361,0.345521453175718,0.3491779805655456,0.35317383666370356,0
0.006592164016504768,0.006858665881117091,0.007119057242519528,0.007640147379058287,0.008629704795206163,0.010843621506526648,0.013622635645226913,0.016565225937035792,0.01930667158981223,0.021742847223621273,0.02358665904589403,0.024684586911867493,0.021997819841959462,0.017820348851007084,0.015818753828019363,0.017168555890745625,0.019009489533721155,0.017675490636049587,0.017913545225327638,0.031014785631392677,0.07244894073795566,0.13145688110195175,0.17386999950098989,0.20493034138159053,0.22713910869408951,0.24272113004244927,0.2544686225851324,0.2653166193726801,0.2762980215978648,0.2901998231556205,0.2999953667982062,0.3031904757536025,0.30988737377779174,0.3108836525125089,0.3080184783509348,0.30253005901551955,0.2978539111379279,0.2990131877433285,0.30097830023244626,0.3001128846963507,0.30015985889707314,1
0.0053514720118608495,0.00555780205700422,0.0060092726390686795,0.007206043502335966,0.010225519539298957,0.01493503402674604,0.01997706447149092,0.02624256496662676,0.03191112747587293,0.03772961513884248,0.04301412509407105,0.04739983689640009,0.04444761575086305,0.035301291047488574,0.031068581761310304,0.03541002150273579,0.04308195649146515,0.038209218862798086,0.03840096307014979,0.07531924612894608,0.14109641951720947,0.19091968420466,0.21627190437709146,0.2341857275516662,0.24849289596675586,0.2606037048142797,0.27035168435271795,0.28065479116091624,0.28969566497953714,0.29918447800987696,0.30728437152747773,0.312859170462271,0.3196727817214467,0.32499154212970044,0.329998403615046,0.33470764991827606,0.33830771650370556,0.34351944593017647,0.34725246714120717,0.3503397910254945,0.3545674531434122,0
0.004542871298536218,0.0046969714058603534,0.0050842262451918415,0.00551588339649241,0.00627693165635248,0.007643341136496201,0.009570001005888106,0.011668979431388308,0.013672163057704339,0.01551921024694565,0.017086571127721207,0.017964774161788724,0.016681540494983257,0.013820131501809536,0.012620096998583914,0.01355634150866765,0.015161409636427118,0.014449061551578232,0.014823602786374426,0.02483112624551371,0.0565324583640645,0.10126892854367836,0.13417017540433113,0.15923748283463512,0.17705105370522187,0.19062759759469003,0.20166246154099246,0.2121900198678994,0.223025535376851,0.2359995554867453,0.2462372682543121,0.2512592468233403,0.25959407996071343,0.26313069780036186,0.2624244649162847,0.2591228138983028,0.256420556151814,0.25928185964415784,0.2635654875060901,0.2648915485108552,0.265914133585469,1
0.004373726944771641,0.004659307479895053,0.005009451911026468,0.005967453855807049,0.008279111622227624,0.011896187637589888,0.015949570485659897,0.020940516666950782,0.025622597350787802,0.030314603704762903,0.03507964645488817,0.03871222791793679,0.03704837960927244,0.029910546936338774,0.026656565920897234,0.030659282237324982,0.03723926039210086,0.033228911674727406,0.033692530135694766,0.06590012212325598,0.12307563388665127,0.16624125191774988,0.18975767012437228,0.20629908583355974,0.22007856498248163,0.23191450938719624,0.24255444882183658,0.25292910706116045,0.2623937123955145,0.2725861284362231,0.28073323631015257,0.2864266861420496,0.2936323897080886,0.298948000906706,0.3051175660100658,0.3104834249303847,0.3146385505995215,0.3191445569023558,0.3236338114762082,0.3272255992595672,0.3318059129854337,0
0.010412736497847618,0.010489317386188196,0.010716041254167707,0.011259809224344398,0.013054917954792734,0.017761263039739492,0.023423600527715745,0.029300623022392155,0.03421816214348819,0.03792473624250129,0.04067658988864302,0.0416232794853782,0.03592604985190032,0.0274513852708799,0.023920019000413302,0.025069738223402287,0.02833351747936219,0.025948083629975752,0.026185352936786765,0.04703646286934172,0.10617707103122126,0.1810722817683556,0.23219896307229557,0.26760791600941614,0.29043369102820055,0.30710286226759703,0.31845180700574005,0.3305408598979545,0.3412246696523034,0.35609999195229924,0.3676677493399083,0.37042099767398806,0.37739629692057336,0.3782969856628162,0.3753785411749531,0.3679676625667409,0.36176929487816034,0.36417903396010814,0.3667464231499938,0.3674024945163124,0.36694786760245174,1
0.017350701434219053,0.01624467074402222,0.01704858821387151,0.020385409220863487,0.030217802099919568,0.044545606626106106,0.058137777702305056,0.07286190348135273,0.08444506362343593,0.09565960579879354,0.10379809301568187,0.11089574005398038,0.10057465549524493,0.07747763565607496,0.0661103451431209,0.07351823377802774,0.08733055718464343,0.0755950301580465,0.0739199545764869,0.14056825385609317,0.25171365920623057,0.3254313845146161,0.35938987415169166,0.3807261123505965,0.3962213362572594,0.40763727003637196,0.41758253091341624,0.42570114212383536,0.433842603146625,0.4423540020604136,0.4477503400795865,0.45112432987419726,0.4545207826659421,0.4567089626252607,0.4587072498150171,0.4607331892386901,0.4617133934307568,0.46317032849089246,0.463708295073902,0.4652324408265879,0.4667041752562732,0
0.0073820457871014815,0.007648298184311175,0.007884669650396067,0.008478729239550738,0.009633225481179413,0.012740159755487413,0.016673137525813283,0.020796997918963184,0.02447028048614031,0.02751393004178167,0.02949542639868574,0.03039781468365368,0.026859610629512146,0.021392782970283387,0.018841491014419915,0.01991102200222278,0.022465135383622093,0.02078918270065578,0.02133698583996127,0.03681917101814402,0.08145513226534513,0.1403615578623483,0.1813529493533313,0.21075831105963125,0.23076944195609594,0.24591717687716205,0.25735862218208577,0.26890562930460327,0.28042118676497774,0.29542563769872643,0.3070204573383877,0.31254438535218065,0.32216757235498095,0.32472805078435546,0.3227783987747906,0.3175830644406157,0.3135016741660445,0.3176146258894952,0.32278172450849113,0.32426798135995644,0.32555600638401583,1
0.012285820407130766,0.012767532180253529,0.014178679177484416,0.017737939882748115,0.02650093647991854,0.03806243397849011,0.04843943165986916,0.05899403158402819,0.06867450852555139,0.07834336604075028,0.08710962353368085,0.09514353570193476,0.09530750717026082,0.08516658356482788,0.07998800005149842,0.08890233438495806,0.10267999986827372,0.09666183273861798,0.09861835079626452,0.1507362895329344,0.20679585172258041,0.23811253815836167,0.2563567927970639,0.2702702241159945,0.28295830705765573,0.2938409236210494,0.30405036056928164,0.3136281102858914,0.32366039282326614,0.3334977969059702,0.3418290918903461,0.3487104935767047,0.3563182423448851,0.3625530899118292,0.3683238921067586,0.3741008984913705,0.3796162929013125,0.38500199376642624,0.39093629489544574,0.3954365470175203,0.4005405167232176,0
0.01221340376226947,0.012021950280898842,0.012326480316815415,0.013058382093475119,0.015695226195362354,0.021433992398141907,0.028153779672596416,0.035408050616866416,0.04133838684706531,0.0459616186587356,0.04968354645425635,0.051112515615643936,0.04396752381724403,0.032638352509898244,0.027841575632521588,0.03000921583762358,0.03421009526003543,0.03038714861323221,0.03007820162966271,0.05749776445791298,0.13210841008238913,0.22024806832135538,0.2759675875707373,0.3131818095729124,0.33712042972081063,0.35328268257006207,0.36617491295372406,0.37625166179986735,0.3859584129735724,0.39924138777356005,0.4077458095764887,0.4087864514854493,0.41358781718549936,0.4132668079898129,0.40939083419595174,0.40378334957258105,0.3982612879029856,0.3971575734995096,0.39773340690331543,0.3968365144316572,0.3958349898663747,1
0.00707556410522033,0.0072562202297711655,0.00779641669755181,0.009195821941592925,0.012849837620477395,0.01868613899924028,0.024848966384764474,0.0320254713615741,0.038407057226307065,0.04496409151781696,0.050789661443431555,0.05489792189013026,0.05099726691630684,0.03952123468890604,0.034590557930893655,0.0392615712570633,0.04737300880944834,0.04123917909672011,0.0410265801416135,0.08182236555985994,0.15644342040794137,0.21349915314795412,0.24251077052828915,0.26272935923926344,0.27879788890658486,0.2912259686949216,0.3025060033515696,0.31272673582300375,0.32113252808946713,0.3313255687465154,0.3390276357699198,0.3431484663456042,0.3500065476729331,0.3539417607025815,0.3583248269948754,0.36173186015878445,0.36502453395158463,0.36725329445007976,0.3707929567352482,0.3727024369340464,0.3751345481941161,0
0.010084266517909352,0.010127647221403984,0.010475639107422724,0.010892710471595582,0.012204418474366482,0.016006257029802448,0.020605006601453615,0.025403236900477043,0.029366911089409718,0.032263370342298786,0.034321302938258996,0.035136805988169435,0.030537333640257555,0.023996086801420066,0.021275322593012166,0.022276878564820118,0.02438306648076373,0.022746142449872785,0.02290402550053901,0.03945465835006933,0.08688102256405623,0.15219926630154446,0.19848515277709397,0.23133583756003834,0.2535718306724823,0.26991570718857133,0.2820716710334624,0.2938239374890253,0.30547294393860625,0.3220658549526757,0.3344812096262228,0.3395612018516304,0.3494902968968507,0.3509744735739796,0.34719472081955915,0.3390347266500862,0.33247751947671406,0.33572605532217686,0.34148067484553757,0.34289411737717596,0.34361375795909854,1
0.030470107291115205,0.028044588043759828,0.02861072976860163,0.03424465827842453,0.05033966703506316,0.07349627289107716,0.09230910004438163,0.11242479499361457,0.12755272667213996,0.1404007048968917,0.15184597753393383,0.1594645746831387,0.14789909137607712,0.11930738246195108,0.10393668646474917,0.11348735105935943,0.13068730101767792,0.11572833173207424,0.11401267911370745,0.19728053745574206,0.30954426420799064,0.3755063709507431,0.40516426641860803,0.42470092356120626,0.4390438538266246,0.45018593661581713,0.4592679513417425,0.4677406597138237,0.47503468516965935,0.4830822871938094,0.4887449147136109,0.49273599927234646,0.4958384200621152,0.49820901354921027,0.499539902402747,0.5012838273080382,0.5025571599105787,0.5037449280018721,0.5050621931722395,0.5056764417162469,0.5072508575968572,0
0.0063740325090923915,0.006745253313929237,0.006925112895621407,0.007403706361735625,0.008422294429218106,0.010562406035590891,0.013516821362593337,0.016721003396153858,0.019538824167826672,0.022010369776412225,0.02386321814193942,0.024682758632035097,0.021955552775568103,0.01767868702884758,0.01611356391329335,0.017051460685188854,0.0190271981572149,0.017695070356854244,0.018147901217687275,0.030612246106177108,0.06950118658628304,0.12381052073747167,0.16383442500155268,0.19305461383707687,0.21303232701317393,0.22755484910045254,0.2399379123403922,0.25091982404277613,0.26188001490974605,0.2773589770861837,0.28875465563054753,0.2933896329314271,0.3018986745657533,0.3046042226205138,0.30199593739186975,0.29603961060352457,0.29143736280910526,0.2945635535810654,0.2990952955835218,0.29995462335331724,0.30175439159719847,1
0.006020720812525846,0.006203005326867739,0.00681244770174595,0.00841449161118169,0.012457145078318726,0.018655279331121363,0.02494326410046388,0.03219386370502277,0.03907147333186547,0.045613996596693594,0.05176449191075466,0.05718059087104689,0.054776964246626404,0.04504187204728986,0.040333103209627054,0.04606502412629415,0.055367606749726156,0.049966953180784375,0.05000520675125202,0.09243339923362724,0.15616766994853853,0.19803940897255048,0.21976023575296827,0.236011633472995,0.24838382510552706,0.26010465689702716,0.26990323880091177,0.28009182492659385,0.28931123826232413,0.2993345639624076,0.3069245648478943,0.31398045212584164,0.3206039605792714,0.3263508069070348,0.3306617408709217,0.33660740928642857,0.3413153871078953,0.34631224813738437,0.3513878197457576,0.35485941416888406,0.3597873922121992,0
0.003349069568999954,0.003647309337176006,0.003892765189858102,0.004331521496834934,0.004918146146076459,0.005967761581392477,0.007534503797710395,0.00933372228297261,0.011122418695261324,0.012957555883712274,0.01447314944805496,0.015723395350622577,0.014390618324353498,0.0119969131904737,0.01109965229674009,0.012129049272781524,0.013898739355175417,0.013159192402981808,0.013423790616964176,0.023577478442010698,0.05468752209788825,0.09647974829420426,0.12648231291273987,0.1494712973451969,0.1659863166329046,0.17895543299656308,0.18900636695687378,0.19984561686821187,0.20927353142255922,0.22137768010076048,0.2304194079565296,0.23541547479718625,0.24220998892748227,0.2459786404856015,0.24711119868006692,0.2462475630050377,0.24534187333606167,0.247767851400596,0.2519445606147719,0.2539931534159366,0.2554503106361998,1
0.036244353295249145,0.03234823541167205,0.032603135774390196,0.038370497651755535,0.05663640949361438,0.08266920197012449,0.10523604940856092,0.1274167965408321,0.1447367496703565,0.1598300104924453,0.17121973614749147,0.17787701138389247,0.15896249120014802,0.12071170297440324,0.10169062659831363,0.11133471209415341,0.13001609399665523,0.11171914574493715,0.10774497733306615,0.2004690545363491,0.34690351401740477,0.4392935106404437,0.47552539069967165,0.49790841100244654,0.5121193249109178,0.5217794429191879,0.5275038847883802,0.5347713365557596,0.5405736708274688,0.5453374728501407,0.5480628586271833,0.5471119645858962,0.5489099765624972,0.548614755556912,0.5474640242737561,0.546768298047578,0.5438093223848727,0.5430024947090739,0.5423430071225175,0.5422148308579721,0.540945670917591,0
0.016849647395807195,0.016391152462739048,0.01635072427424482,0.016844236041812427,0.01883164475472507,0.024620643828111154,0.031381849891763916,0.03817084975526926,0.043498086933384764,0.04762623299100792,0.05007548188954376,0.05044560958976861,0.04293571822961785,0.03230997209608222,0.02772846450334364,0.029095483912287223,0.03206681015775325,0.029040373488232313,0.02893686525283638,0.05108583699808562,0.12036951983708383,0.21459991783367605,0.2798890102404369,0.3242771492130935,0.35325618345668125,0.3719984521806779,0.38377858771986817,0.3940300626437739,0.40571254389852807,0.4211813882860408,0.42952795303499147,0.4304043757012338,0.4357451587231348,0.4326604436057143,0.42356884280524765,0.41165157082016124,0.4013106071979532,0.4001243414255788,0.4006198434607796,0.39820858595342473,0.3953526022893908,1
0.011700035845760804,0.011482821312287013,0.012061458561117476,0.014340602429580978,0.020707902053821333,0.03032448484760342,0.039897641794400425,0.05076246142094868,0.05972664750321478,0.0683128073050746,0.0758517404579807,0.08115789053867942,0.07400171400233674,0.05680498405420591,0.04866368063064583,0.054541566219516543,0.06524819281616125,0.05627583796987986,0.055222070685156666,0.10913850772827957,0.20566808152891178,0.2766984517149272,0.3107235374885246,0.3326465520520869,0.34822065794606893,0.3614523371949598,0.37115251344996847,0.3803416258790048,0.38902857733602253,0.3987674102408183,0.40510304072869313,0.409091927849165,0.4135394932048909,0.416980626659468,0.4202663932458631,0.4233249407999445,0.42439404964566824,0.4259168032611374,0.42790400379490895,0.429202789479469,0.43137796122145194,0
0.0034120902156937385,0.0036702703525150235,0.004013984838841539,0.004334358255071433,0.0049539572447487405,0.006242178339621822,0.008016638179378293,0.010048205292487775,0.01194691865562423,0.01384500270891222,0.015373735584346722,0.016475512312234916,0.015220798917984835,0.012698111614121392,0.011688350432914548,0.012605225005415084,0.014253186651967363,0.013777212318207303,0.014308242181806825,0.024443702490413485,0.05377263043089277,0.09093367323943059,0.11793586907575955,0.1381447149662632,0.1532040161716957,0.16584751689452132,0.176084741868346,0.1861494177401564,0.19643740887217628,0.20939389425920182,0.2195937731300322,0.22694577576873018,0.23569372137412092,0.24045875495824276,0.24253433672086436,0.2403786767309519,0.2412188853337628,0.24533955431205684,0.2525652336906474,0.25592839589278654,0.2593910005613566,1
0.007164125523462955,0.00733443461208756,0.008025508353413147,0.009744795000051857,0.014055072568306038,0.02091928324285546,0.02820329028597954,0.03601894481872855,0.04322710831381182,0.05007121572961995,0.056563744182556185,0.061534840456347516,0.05878470847483974,0.047996032173041374,0.04250150732809392,0.04812651386219429,0.05751999942481511,0.051761344962757236,0.052089184034131056,0.09618455183858299,0.164342135823266,0.21099318307223122,0.23512647649544197,0.2516387563662239,0.2660582319963255,0.27766989660464486,0.28861391962574956,0.29931004540241307,0.30832097505771816,0.31856506449473676,0.32692971914359564,0.3333190132782475,0.3412195417618206,0.3470005643411356,0.352617133299009,0.3577713590307663,0.3621297820837239,0.3664836280021224,0.3720214801334715,0.37564286915276873,0.380292796536779,0
0.003482461917336216,0.00371137841825228,0.004049687032900696,0.004527054993159174,0.005124511129082577,0.006705036846284491,0.008924167738815278,0.011325146398680971,0.013825497006594776,0.016085508335054913,0.018079400163459797,0.019499636436419065,0.018000050390845585,0.01468078756830544,0.0132198306848801,0.014600405732322424,0.01689206055534608,0.01594931917861929,0.0162866509527744,0.03018568187709831,0.06587283038638,0.10880934754828782,0.13726897443937952,0.1584229193842315,0.1739506317597189,0.18648692983638407,0.19729848590665885,0.20739443178277397,0.21715155640418013,0.2297837978257892,0.23848866132326857,0.2453828814132072,0.2537248550249165,0.25849282407913493,0.2613179286171113,0.260540153195161,0.26172270812782145,0.2657943475835738,0.2715033210397149,0.27423117023827676,0.2778789950764174,1
0.006765060405499983,0.0069251078598627875,0.007637986473439512,0.009181636903838742,0.013445773488494572,0.01987071778890107,0.026557190454148113,0.03420900921058765,0.041084400236177473,0.047834192661666,0.054113822353699485,0.05936452130991475,0.056258245403557464,0.045317708708728394,0.039955664335449254,0.0452480806642867,0.05473072509321274,0.048699456441576056,0.04869288167332191,0.0918436038852458,0.16187772884365662,0.20981199926686278,0.2345866164725562,0.25272370050498255,0.2663916225001362,0.27864715628435094,0.2892332145523089,0.2989926491837084,0.30828554127795,0.3187771763892384,0.3260161629035668,0.33199039207272435,0.3388870952612275,0.34411120630421715,0.3481802279346261,0.3538391337856214,0.35773311634041266,0.3615992348406595,0.36569693215273996,0.36815114372267055,0.3725258725359288,0
0.006389279847655279,0.0066054214178826115,0.007000973779436801,0.007489341023843412,0.008353028795007324,0.01101196614324643,0.014475815011479262,0.018155805527187055,0.02136231565622278,0.02392645516400995,0.02581676020595553,0.02674624008718015,0.02379668526669565,0.01911150615173652,0.016965441849165187,0.01808507469786104,0.020086923627725076,0.018901365687175476,0.01931091674112281,0.03335398897194731,0.0738717792099451,0.128258653574187,0.16713221389761138,0.1952770356292767,0.21457759277994548,0.2297341914561023,0.24093263323076172,0.25196212463666495,0.2639571667090853,0.2789447569904037,0.2907835468048509,0.296282291980659,0.3059156938732498,0.3091077249848515,0.30746162123365656,0.3017986931334368,0.29794592428659494,0.30163539382975035,0.3079810571291515,0.31030035085884944,0.31148028198591254,1
0.03458334033684019,0.03141941383414434,0.03197995086323629,0.03821591420065334,0.05702088813911535,0.08237619289722357,0.1043956387996243,0.1255066802355862,0.14169248499911846,0.1566936190568947,0.16807648136883752,0.17588665461929495,0.16228379444155627,0.12936411646880105,0.11125881258962304,0.12219595162629505,0.14130069881507146,0.12381268589135241,0.12143589200090074,0.21091229129425185,0.3345032591216873,0.4057237620055393,0.4367162712679233,0.4557960343859237,0.4694093151703257,0.47890017257632883,0.4877925512082043,0.49600978254959377,0.5020122223557499,0.5085991680078707,0.5137877806913591,0.5159366270994696,0.5189441113548412,0.5196059555666394,0.520402392674493,0.5215068468934114,0.5212568446457201,0.5228398649729329,0.5239856954625481,0.524429991334795,0.5252630140738503,0
0.007114579841086847,0.007433580573747227,0.007784254550368136,0.00825729018012168,0.009630719859685883,0.01346826047256714,0.018483275243076712,0.023108995423674034,0.027661993703722205,0.03134641435508899,0.033831655233342084,0.0348233629762367,0.030953092397224005,0.02399215177084825,0.02083213239516406,0.022407941943757767,0.025413512816132643,0.02355371660729845,0.023885391250895414,0.04337852198177838,0.09488926708927954,0.15775149060088287,0.19871547242921261,0.22763809948946234,0.24797720072093016,0.2619167745891541,0.27420969575484944,0.28522679193112754,0.2963598413138201,0.3108083324193159,0.32187249949020147,0.32783437601093957,0.33641310797454216,0.3390396577848981,0.33863765806027163,0.334356077788243,0.331854769335004,0.33556027538696237,0.34093541967003577,0.3425437015363815,0.344762333633701,1
0.006455276570949147,0.006611953448290043,0.007336953398460556,0.008922118478312313,0.013124326163569231,0.019461944536560125,0.02621601081788669,0.033691728302446405,0.04050212669695934,0.04725649196296835,0.05350162686200462,0.05890077562353321,0.056510684848390204,0.046548447536521854,0.041658490734039634,0.047194871850475294,0.05666226022926095,0.05118385221276907,0.05154745294683611,0.09458512622822836,0.15850021234669834,0.20057244926434153,0.22269449936538924,0.23879746323972506,0.2523166147244709,0.26380263116820235,0.2750211090246569,0.2842981684463225,0.2938776092279684,0.30388216657342515,0.3126390063768633,0.31856100300633944,0.32660323521581125,0.33148104939330214,0.33759659907467354,0.34292668957635036,0.3477354075478802,0.3529387166696449,0.35754004824400526,0.36220067452760635,0.36624555915350426,0
0.005558402646947224,0.005901030993465304,0.006259356464428482,0.006668217657353598,0.007896767074199567,0.010198086797605373,0.013397375006362797,0.016774451520973625,0.01997354088491689,0.02262022819974759,0.025191079879174218,0.026349194182419086,0.0234423593808841,0.018724679736337634,0.016783325875082716,0.017939747473925047,0.020395778128239884,0.01896591245364099,0.019504088621030882,0.03517130725745049,0.07850621996345758,0.13321799769031975,0.17056959057207,0.1972991992315292,0.21581444385915324,0.2306133252485186,0.24220786885879864,0.25353569918950786,0.2642981183976076,0.2774964193774962,0.2884391762417765,0.2935381287000333,0.30200597994839906,0.30517520985868096,0.30539116550566736,0.30257492585646223,0.3007749205295945,0.3035464000484228,0.30763372136041184,0.30928682306835925,0.3113438861368759,1
0.008639097269546661,0.00898991870891079,0.009969359257621676,0.01291947826319674,0.019492065412171532,0.02833110454667861,0.036725402313280385,0.04579753823572853,0.05390018468048391,0.06216844954460257,0.07002739051096327,0.07706148711889828,0.07764694287299428,0.06957205639661031,0.0655382143476265,0.07363962035377268,0.08567575329372326,0.08118642061679611,0.08282722147956151,0.12930149265938912,0.18059952229625253,0.209647987820147,0.22643613014485006,0.23944187700401273,0.25128393797373033,0.2627826116487517,0.27242021133699557,0.28161922643258885,0.2917377664537152,0.3008803034547929,0.3090818159903069,0.31777147331899086,0.3251063556254334,0.330938132368342,0.3383304126916424,0.34439106732917635,0.3503270711282577,0.3561665220168259,0.36229588549994063,0.3683944601153684,0.3732111360386773,0
0.005027360391063737,0.00523921807673193,0.005535949403279949,0.005978110531700913,0.006782215931798928,0.008479893245088249,0.010463212404872465,0.012700957753176421,0.014875727575269648,0.017033259241611868,0.01883836162201901,0.019912759285778913,0.017861480176267645,0.014657211240674406,0.013426207748557063,0.01442523712506737,0.016280321789779877,0.015255507280052578,0.01565082501576245,0.026602329988280538,0.06189778799018716,0.11176635127953903,0.14809658983619092,0.17484997050988324,0.19431430503324332,0.20835136883918867,0.21945944087176814,0.23028608961881275,0.24108161165959974,0.254375389569329,0.26383438128285186,0.26806962196381356,0.27602445850127444,0.27741307175446417,0.2765143283335362,0.272134529246751,0.269377363631411,0.27181113509525484,0.2738285851274234,0.273876214254524,0.27497352103859435,1
0.00874576700720394,0.009179397624659257,0.01046112610985352,0.01356895368706628,0.020338702643359022,0.028940309135950703,0.0369808350285095,0.045927287945662504,0.054050643029766435,0.062122594573330234,0.0703364887526618,0.07777239983062742,0.07928943489544808,0.07295067284079466,0.06972938528005901,0.07849727104953183,0.09095054628772095,0.0871350756620259,0.08920514759315819,0.13390688923023808,0.17979642468612492,0.20549353349370164,0.22111951410764627,0.23397957970196964,0.2456449443134003,0.25567037408964327,0.2666211803949094,0.27618365334923906,0.28565371724184957,0.29460033151082177,0.3035983322668471,0.31213240497236305,0.32020827163079635,0.3261368657256205,0.33249180577848025,0.33950874194809694,0.3454178676404796,0.3519730528352324,0.358669322939196,0.3643269980876444,0.36991591193365,0
0.007624919058790094,0.007801631410554815,0.008152721137967245,0.008665113017930154,0.009882788604234291,0.013073804603553368,0.01696016617312028,0.02107270352360052,0.024582732332674544,0.027799625186517855,0.030211739289133465,0.03153626323118963,0.027701565117903365,0.021844591282199777,0.0191709711911644,0.0203676596092772,0.023084392547177382,0.02137157228941587,0.021561148386615325,0.038758413864185076,0.08903913202752256,0.15448832776741123,0.19859049954849475,0.22940632081893927,0.25155187009833696,0.26693232778874965,0.27890876718542185,0.29034255136651416,0.3007101499734104,0.31479039694027866,0.324709367646738,0.32788396658038704,0.33561978739592885,0.33657750096815836,0.33501438891475066,0.3306847785174582,0.32606603992772576,0.3279171950299972,0.3301915694214785,0.33020054533142396,0.3305087677877865,1
0.015506455627376514,0.015026617518498602,0.016082940521352354,0.019852459896023262,0.02992209502543152,0.04416600091159355,0.05681046043389564,0.07026575726768462,0.08156969968672989,0.09198220227053193,0.10143221845534067,0.10866441180007598,0.1042520206393028,0.08647572648057063,0.07719457092780721,0.08583741872482524,0.10011448731964676,0.09028209134412901,0.09068758134908453,0.15378990738521905,0.2354130129898802,0.2838680587525438,0.3077835529494945,0.3245404794004535,0.33772417365541146,0.3503673325528303,0.36006083188102633,0.36991666653509936,0.37813125667157854,0.38733049299377126,0.39556175361749574,0.4009144261332067,0.406871978121278,0.4115794977797863,0.4155105694494926,0.42041199864614004,0.42377063486321376,0.4275866309248962,0.4318834297512091,0.4351931271736773,0.4383012655471879,0
0.012835501298487342,0.012614398132133262,0.012858118647351107,0.013491857208592558,0.015273948096626768,0.02040572286793266,0.026761554634398773,0.03293795204841519,0.03784992728828518,0.04154868936809175,0.043793809512234876,0.04443070146878976,0.038062185071013575,0.02918430126539484,0.025398495417653974,0.026225869741066665,0.029543939695827925,0.027132543594305947,0.027061934342376515,0.047665374002501246,0.10658343411415029,0.18486259671599825,0.23876121695270747,0.2762902330162803,0.30146399036109334,0.3186519996629953,0.3303945882520185,0.3423932039228922,0.3539460314294137,0.3698732360784097,0.38228117622806745,0.38648509516156854,0.3940180777323339,0.3944382248708278,0.38925929988733526,0.37936438925461646,0.3714934636244135,0.37360016205753827,0.378654634671883,0.37817470002564196,0.3775899230703024,1
0.011480513167204043,0.011258041073207985,0.01188010927046648,0.014256475262817774,0.020820801508522214,0.030668156372327372,0.040654579484531814,0.051132794427966415,0.06025765092821728,0.06863140678970894,0.07649866890831816,0.08200517510201633,0.07563216437651687,0.06008612351240201,0.05154975827893714,0.05791059874458299,0.06872364068754205,0.06055581626222328,0.059802018086197145,0.11381775999245168,0.20240511591769647,0.2643978294428384,0.2943672801230288,0.3146078499738992,0.3299868429912142,0.3419647261850508,0.35336333795336944,0.36237037556819623,0.37153100021386143,0.38158514386357595,0.3888351089469324,0.39393194720649094,0.4001773534555857,0.40399734446994595,0.4080045249931246,0.4123378823783258,0.41496291014336467,0.41718327754918066,0.4201947394098925,0.42278190309189595,0.42484429921070327,0
0.006947279721531834,0.007127447364264413,0.0075319996558427405,0.007947025866988405,0.009185159433383876,0.012022125972285984,0.015364943783276533,0.019182522034468893,0.022510029786113477,0.025541354435486132,0.027785277581605625,0.02895374486514865,0.02558311565495916,0.020335942635529358,0.017984809278227005,0.01920447897499549,0.02181339178876779,0.020100908410419036,0.02031724211075808,0.036113819623568015,0.08382640645032005,0.14539924158909817,0.18792758818228103,0.21820855119211094,0.23868501932597394,0.254339688897215,0.2660133191259288,0.2771425073134312,0.2880469248455674,0.3025000626891926,0.31201960644908033,0.315898736049859,0.3229684196062589,0.32507300848913295,0.32310497146856443,0.31974069780620307,0.3157441933932535,0.3167618985893605,0.3198018236679821,0.3198977608337117,0.3208285337842148,1
0.007027763755889388,0.007352270264419349,0.008213923148503678,0.010494274816903449,0.01611125760236473,0.02348985139248984,0.03083910076428661,0.0389600682933412,0.04662364004297734,0.053932352083486575,0.061338745771377774,0.0677617875946507,0.06788356520075382,0.06028591239582449,0.05648566872163638,0.06389233558086582,0.07503053720945564,0.07091461716921536,0.07225543157654185,0.11615891524445002,0.1674287830524186,0.19711126419785785,0.213595943368905,0.22690413269867096,0.23873516006185533,0.2498664711373414,0.25983932462576925,0.2694309321038642,0.278978186783336,0.2882161874685511,0.2972968245188981,0.30450460470123347,0.3119811916171541,0.3191876048293835,0.32527443204694173,0.33178604847527127,0.33729273875591026,0.3443709122146263,0.34985129181793834,0.3559512633549288,0.3615425854733688,0
0.00906665048571235,0.00904687603746367,0.009500169629117207,0.010076272622617798,0.011168468648012717,0.014284014497758688,0.018107506741345734,0.02217553545588678,0.02550414193798804,0.028252140291111505,0.03047551748651475,0.031169392544554773,0.027290064144857424,0.02157275502869547,0.019211884265289816,0.020285933565012643,0.02258044696252906,0.020944730389920518,0.0210354311556138,0.03598193985032319,0.08277664469571647,0.14909200001490117,0.19648825475373924,0.23081776077100763,0.2546176164863845,0.27065122447433765,0.2827233370592996,0.2944061448420459,0.3054303490416228,0.320955004107595,0.33166109612251476,0.33574646344273845,0.3433372220095661,0.34284079189870265,0.338861863195403,0.33093077084478983,0.32451872183057334,0.32584599651527363,0.32930311212350283,0.32777587040959244,0.3272346521855178,1
0.018219973742005083,0.01709582141003864,0.017846343024533154,0.02106399046718961,0.03071649014967563,0.04566467481859622,0.05938286947344177,0.07361508160651704,0.08515714487113296,0.09603501191771174,0.10476861389274764,0.11111209428192308,0.10163490427814773,0.07952964641364173,0.06769583871911034,0.0758749698380196,0.08921831099144353,0.0773782674986443,0.07640545239096314,0.14238858889503347,0.24728073080250393,0.3180096296802318,0.350035372384235,0.37145557347447555,0.386898273854646,0.3992075452396328,0.40934303194082167,0.41843659345395484,0.4268352456294591,0.43588123053422334,0.4418186327869455,0.44622937715058053,0.4499667074305662,0.4536269105471266,0.45559470075985203,0.45862786732588623,0.4586708579639028,0.4618370186918996,0.4632173569298217,0.4637868471724805,0.46594564548643186,0
0.0168863598908615,0.01651916374733016,0.016572747432321004,0.016982762226195602,0.01899966841657977,0.024254737681834424,0.030188133515612305,0.03674589983998535,0.041466520807924366,0.045340056309349105,0.0477832830165962,0.048128730206457415,0.04114891155730624,0.03116049060767777,0.02703829417387178,0.028061333607236585,0.03127555956274981,0.02844462118275418,0.027825151255744845,0.049378214113976256,0.11767418131818548,0.2122797537017767,0.27855625671783174,0.3240628083297977,0.35297363597901293,0.3705962304357565,0.38374369247230206,0.3939699754599304,0.40470963226695444,0.41995318869819503,0.4282190760350318,0.426538582556794,0.43152325046446927,0.42749533231429254,0.4190102696866118,0.4076558707419479,0.39685248317199745,0.3944224852333647,0.3943337347197217,0.38990010798097946,0.3867205625788644,1
0.006057241666941842,0.006406786020491842,0.007264267841847878,0.009321668531616752,0.013840262903602471,0.02002121042301779,0.026111299144780532,0.032880263789327596,0.039431762568564725,0.04622823601022196,0.05278740632932262,0.059015788121555834,0.05978925421193292,0.05429495556604333,0.051522591641496605,0.05840364209123159,0.06892796586548876,0.06526803646767573,0.0671553780060265,0.1068671201205397,0.15214671294018184,0.17871329718247617,0.19463867106588734,0.20714027460351883,0.2194599286086474,0.22999397643434719,0.24017779482052265,0.25046257159621377,0.2604999759453506,0.2701343869466051,0.2790663105665816,0.2866790573728153,0.29487040322213215,0.3017799189236067,0.30924931171313663,0.31634227963987355,0.32255859901244627,0.3285962584333728,0.33503017517080014,0.340889237971215,0.3464055806961752,0
0.010434655278522404,0.01041663434274606,0.010746696732365696,0.011305131938473217,0.013429601193022873,0.01905853963333841,0.025891805653310503,0.03285651879686342,0.03847741684191428,0.04287680920014491,0.04596677434537105,0.04688977655050476,0.040880776170465496,0.030776977756497594,0.02686182040045505,0.028206847908717147,0.03212364455624158,0.029176473877724877,0.029383122272625243,0.054348178720018715,0.11866374225959092,0.19397497644841394,0.2429586391849088,0.27525526598552064,0.2971003453222925,0.3138266318484106,0.3251068047625786,0.33638764172490143,0.34770210568596194,0.36235335132614993,0.3725809463899072,0.3781502955849523,0.3851673409187008,0.3871089083002696,0.3853019088891636,0.37907237549559786,0.3742436969366904,0.3774422746202081,0.38168470320757664,0.3830126198598885,0.38258612237562206,1
0.006313775831791857,0.006657819345691126,0.007451074429401688,0.00953350060421236,0.014184061624295908,0.020626304935253255,0.02679294631230191,0.03362810966647979,0.0403483852887613,0.04769970147558468,0.054074224645641406,0.06016765131827013,0.060811257567794035,0.054304052284127755,0.051323902953017114,0.05827380022439959,0.06876558103794826,0.06464418122389093,0.06612260537118976,0.10730688992880465,0.15457085475466906,0.18289398052453762,0.19910693372677968,0.21260560875744924,0.22457901325655144,0.235652946069711,0.2455067254142434,0.2568832891447889,0.26558941328745045,0.2751793985548494,0.28451042517559827,0.2918278258652479,0.29972723734512774,0.30654235250942147,0.3138265336354415,0.31992015904964916,0.32648892655407513,0.3324680015925171,0.33788468875809774,0.3442248322418729,0.34976140991203897,0
0.007988388686941706,0.008121568656869967,0.008517564284630331,0.009095998998522639,0.010442054055339583,0.014027026053431755,0.01858557882995353,0.023161872906669725,0.02716044121664062,0.03083758241636544,0.033028632840589614,0.034182638609962304,0.030203644639926513,0.02366198621296718,0.020647728167263048,0.02199173898455369,0.024793400587129664,0.02274707187736891,0.02306512508024277,0.04159550124603525,0.09256465554912752,0.15671735652689417,0.19996706532240693,0.2302248610395028,0.25060690815578796,0.2659216089145671,0.27798004969144463,0.2893204010928155,0.30062482250962524,0.31485582016382463,0.3267486583637784,0.3306839334170739,0.3395903338480394,0.3423994191407465,0.3412481751605482,0.3361245915427913,0.3324901140334743,0.3347822257905275,0.33962225656321715,0.34150427964583396,0.34166432582322664,1
0.008137325910249462,0.008137270062597998,0.008747928918949238,0.010218750829786162,0.014227352867287739,0.02098237505058945,0.027826115349902553,0.03586912350751442,0.042837174258610514,0.04946032661060412,0.05534422811928131,0.0601624440571599,0.054592612831546414,0.04198595123063937,0.036334730068651434,0.040872508142889515,0.04916028001287937,0.04316803738272635,0.04253257972080465,0.08482517235269217,0.1662016377248332,0.23004058822483878,0.2617481282824431,0.28415282793746327,0.29984180256280935,0.3129969909962405,0.323079884597407,0.3334780194882178,0.34228876650890905,0.3526262825831512,0.3594803821722725,0.3640963318218389,0.36954115878822313,0.37381493980776553,0.3780230128788964,0.3807504656055529,0.38385704635298806,0.3860381241643577,0.38830118074228537,0.39093567405970975,0.3932510288125311,0
0.00431273359355135,0.004608400334167521,0.00492214574505636,0.005389128702894294,0.00600060898180115,0.007566052823311427,0.009445628544405525,0.011654619731738536,0.013769515064777738,0.015686785447691136,0.017448491198479084,0.01850878424176982,0.01693840930287949,0.013938028096798434,0.012786638206796434,0.013922073591121865,0.01573270551868743,0.01463995023571852,0.014976872834548096,0.025945332104484096,0.059874338620464644,0.10721350166159889,0.140797540289228,0.16607166159649628,0.184219145497101,0.19855757848889574,0.20960270323869026,0.21988509615815835,0.22986700761032194,0.24328484813294982,0.25327712043751716,0.25763237402944256,0.26468582094321497,0.2678537061125882,0.2667208230980424,0.2648336787139986,0.26285176090213785,0.26534101545798966,0.26826578562722037,0.26929897706138817,0.27094832080153475,1
0.004995994405149747,0.005294614957763549,0.0058484090358506486,0.0071401981311080606,0.010802452536756104,0.01587722511353792,0.02158321525349799,0.0278700475094375,0.034056897821056586,0.04002185103438508,0.04609819876565918,0.05099984397981692,0.04948150353556914,0.04123462033040766,0.037502566586204364,0.04283225765076371,0.051564719913091646,0.047039441851907005,0.04760512415398647,0.0868058118418231,0.14413145451551135,0.18197570046027908,0.20173742399518776,0.2164918135323302,0.22937001848554833,0.24047066863795144,0.2502585529049102,0.26045115903045646,0.2693910912853589,0.27899019136550324,0.28676100091290485,0.29380721209755084,0.3012116437792353,0.30694688137434495,0.313176818559625,0.318550387483047,0.3243729047175533,0.3291222724809971,0.3346131349094075,0.3393854677401147,0.34385579448780945,0
0.0052993438284807005,0.005568688530765597,0.005874991927980414,0.006444405122089997,0.00766758097214472,0.01060865231712488,0.014055438906245101,0.01797243480997501,0.021578922937860838,0.024965302261388576,0.027761689005814674,0.02951823244240671,0.026514851356369423,0.02045369274934444,0.018419808711863602,0.02011896340012114,0.02308259883232103,0.02129893493067443,0.021721043215279963,0.040909120551719726,0.09056744535213057,0.14626250508755506,0.18220289290546093,0.20758379738578767,0.22558072205623653,0.24033500995564583,0.25095864749355884,0.2616642872990712,0.27333616894867047,0.2847451179230354,0.29444784101949223,0.3007060828371147,0.3077409661878307,0.31093814047350177,0.31251256766862484,0.3117650173549673,0.31115541418950726,0.31463844799404717,0.3178324385153578,0.32073175333747317,0.32255115040161025,1
0.03155164331980268,0.028373571466275633,0.02856673616394236,0.033658673961362115,0.0491613029446963,0.07125363910634984,0.09061875761506052,0.11066974599358391,0.12574469778903696,0.1397826870982274,0.14994566182859684,0.15650757834095697,0.13949479259774597,0.10613463377221033,0.0888331243387609,0.09810765333803335,0.11469982469258604,0.09823219628205256,0.09536717572834204,0.1804096628595189,0.3196192430870823,0.41186493811284763,0.45014054453379454,0.4725200435044818,0.48752628578952384,0.4988248552157707,0.5065011502076566,0.5140355004861951,0.5190503937707417,0.5266673960404868,0.5296636485310373,0.5305504238970785,0.5315160605312658,0.5323636547739093,0.5320068483030616,0.5309827398796965,0.5306077820778825,0.52902329629389,0.5293977917245379,0.5268766825099805,0.5261432501137554,0
0.003914181122682228,0.00415488760493846,0.004528775487992225,0.004875792375062986,0.005728641961651083,0.00806286664257844,0.011113537826363783,0.014308595119189636,0.017298891149388686,0.020070846398454478,0.022463921740880223,0.023869812229372532,0.021954932588450028,0.01764247226148513,0.015920354395431803,0.017133306339300436,0.019896067844279747,0.01891602605462385,0.019509466077502497,0.03563610128952281,0.07472879230651765,0.11899743046038513,0.14827671828445416,0.16918683676014382,0.18450505214810994,0.19688277367112325,0.20777980495700896,0.21855511449350293,0.22891901928568115,0.241595614919259,0.2527765558784671,0.25977192074953565,0.2690056836005072,0.2739034326034108,0.2766504061394222,0.27702209699488844,0.27772606690598334,0.2835411388006376,0.29034300582766603,0.29513547945469376,0.2985698850047451,1
0.009313726715174522,0.009352727016654853,0.009885635254935653,0.011924066792376852,0.017342649218159825,0.02588198176371834,0.03429908417976906,0.04377701263094099,0.05215024351623577,0.05987430376974388,0.06663285460220034,0.07214746750884862,0.0674240895053255,0.05397807621980623,0.04715213197864675,0.053042827868798714,0.06327909046960956,0.05617623879983887,0.055961605326367056,0.1049919101420534,0.18347156902141207,0.2389065093635928,0.26599859328634656,0.2855014879426346,0.30074819683768717,0.31323803483033597,0.3236825372304365,0.33431120322289504,0.34378228980127457,0.3539717132151977,0.361549201229954,0.3676130744030564,0.37330473208769943,0.3783033284458313,0.3835638820477584,0.38728341381220976,0.39013270304354464,0.394047910308708,0.3966739985482691,0.40035449644964893,0.4033682306970633,0
0.0038248963031645186,0.004058177055618412,0.004422863148434537,0.004842686481557665,0.005333905335176626,0.0068521596781205745,0.008786237908272494,0.010837783781979535,0.013017564309306662,0.01482952198690438,0.01664977787265514,0.017577743751852958,0.01638650599879098,0.013361145775335525,0.012313674174150729,0.013291907372344421,0.015134168294926678,0.01436346201270366,0.014698910932768695,0.025865203282022863,0.058498253025681145,0.10218817414023568,0.1327867714526381,0.15588213082327018,0.17247764840396032,0.18568955759984943,0.19614246085363163,0.20645410248173507,0.2171964733023016,0.2295825793982243,0.23981843286912832,0.2454514028516296,0.25336389026938566,0.25639690091465717,0.2582893784773801,0.2563569991363286,0.2553129519548359,0.25883536914388766,0.26294600269722973,0.2649386673466763,0.2675223357872171,1
0.004251611177159689,0.004501806997395397,0.0048805712851966955,0.0056509685822687845,0.007613124628081874,0.010999166190644049,0.015093480292377507,0.01985572900184739,0.024258246230870036,0.028622592122625367,0.03303366477592763,0.036729877202615405,0.03440082307288922,0.027506941017739896,0.02448024848464113,0.027964219304587763,0.03421688900111783,0.030621001646518903,0.030640047569876618,0.06082842750673622,0.11764236787371254,0.16308147144919294,0.18755996775018782,0.20526049778217054,0.2194362992592215,0.23114541388075513,0.2411860203610683,0.251028566279598,0.2599719622309163,0.27000213465334594,0.2783800760154815,0.2834705358982726,0.29127006549943274,0.2964026201469446,0.3012206851619107,0.3060031206579352,0.3103513812554337,0.3137519941725724,0.3185636091091167,0.321653825361827,0.32551927191809077,0
0.016131758780331466,0.015368770111295,0.01576416082300673,0.01609529366353675,0.01871135606066657,0.026017610299183168,0.03475246708124484,0.043400580928990955,0.04994826239338665,0.05473090920792928,0.05747705151403565,0.057940176845690826,0.04927358403975774,0.03670022407975484,0.03117084399328756,0.03251496556770392,0.03677924269321474,0.03306744010632517,0.033064834490279485,0.06015905934143773,0.13444830817166664,0.22703126718226277,0.2872841954754824,0.32791931895033344,0.35383989352737594,0.3705881568445154,0.38241333048681386,0.39403790851460796,0.40514240978615407,0.4197767771174642,0.4295988943581455,0.43341083287284765,0.43911086420391376,0.43805991958831786,0.43263190660225237,0.42167833796111803,0.41336301106310025,0.41526668532713484,0.41752428132060543,0.41658142943804616,0.41503030210021763,1
0.01619291157888312,0.015351275154981036,0.016081307747162314,0.0194501409906317,0.028854113766683794,0.04301751118296518,0.05586887670265159,0.06992766352184578,0.08117965634389597,0.09178311580826234,0.10102346176045676,0.10730813691879951,0.09858340153424756,0.07769720134415642,0.06704127197185421,0.07472246259206088,0.0878264245235234,0.07698621078708301,0.07602033577899167,0.14095092117618574,0.24055598549890342,0.30693541677539554,0.3378462892467128,0.3585712513764205,0.3744578330975572,0.386594552712864,0.39604832048789507,0.40554743676822624,0.4135076155442734,0.42294836551026893,0.429539474750933,0.4334681550785488,0.43814104948783517,0.440764482186375,0.44403642512910674,0.4459816327111284,0.4475621296091234,0.4500089380507395,0.45254437301735556,0.45368343857329346,0.455944611706449,0
0.005223893553601928,0.005630791545247023,0.006036822074749717,0.006489933365337056,0.007188555191106223,0.009308078826079228,0.011761331751624556,0.014657348579090663,0.01720694846677166,0.019482150273460182,0.02124724425688318,0.022304316777624702,0.020250725506988226,0.016222937827937343,0.01485468573781082,0.015812663336236876,0.01773298096418154,0.016733582529256642,0.01695849290257608,0.029324551631635623,0.0661803747436255,0.11704044093590271,0.15360410391629983,0.18086974876150477,0.19864113310982384,0.21409675579199267,0.22492586977837914,0.2364139826198796,0.24706956181246778,0.2609927570182988,0.27211813389493633,0.2769491491636215,0.2858503648202854,0.2880059808812119,0.2881447557679124,0.2834106969818707,0.2802732222126987,0.28420202486670315,0.28852419380452565,0.2899530602296662,0.2914158688871704,1
0.007614054416901401,0.007826762011499644,0.008412171010753037,0.010094800484395086,0.014579468918379418,0.021508110088599933,0.028679109825981836,0.03704028130200878,0.04400518075527915,0.05127511383093761,0.05783545272677574,0.06288369368489906,0.058738762520881005,0.04659496417891552,0.04101630945984238,0.046444428268364465,0.055811983405111246,0.04917374649140197,0.04943575792929625,0.09417140324275533,0.16886831058696633,0.22219915572454402,0.24881142106538073,0.26857611789478275,0.2830246243767291,0.29479322799411156,0.30609036310724774,0.31616461043806204,0.3255212072326192,0.3350387283954297,0.34299305913401357,0.3480902269245657,0.3555544897336352,0.3597904550723381,0.3635152824193576,0.36856467936464304,0.37214631043867,0.3753745212679531,0.3788708523166004,0.38110478197905806,0.3847380944299811,0
0.007059517665090284,0.00729222142746704,0.0075564068993815075,0.00819929089645039,0.009698449583464813,0.013525893250810297,0.01834714964880343,0.023570504995167853,0.028004005071163785,0.031843117737664905,0.03448621010186792,0.035934414408613974,0.031809740035741337,0.024736051672584018,0.0216746006013871,0.023313436578087397,0.026466860755188556,0.024497081631431775,0.02487463099713695,0.04586500594854426,0.09878972146722334,0.15995483615694478,0.19927236034457213,0.2265256962753172,0.24622305206657075,0.261123237499027,0.27205370310744087,0.28384504293394597,0.2950481697128022,0.30852054678553903,0.319757167765399,0.32585218343152805,0.33448703691041914,0.3374139830207804,0.3377403010375859,0.3351353077468047,0.33357428453985266,0.33716587013910654,0.3418592917797914,0.34486339814870337,0.34639994197356005,1
0.03545406510866465,0.03177430828431943,0.03193130514792265,0.037572740711300456,0.05601553881544337,0.0827250679590783,0.10551799634373145,0.12855716691257557,0.14583802568042584,0.16024484488759577,0.17193398652613004,0.17849025785270428,0.16019923077729117,0.12287203210747626,0.10349006291914736,0.1131365809373356,0.13176640272192988,0.11319551358288689,0.10979352059120184,0.20301940347354458,0.34466235679332696,0.43217008665455414,0.4676052632351236,0.48876533526686855,0.5018825553367801,0.5116313954173799,0.5184623955970282,0.5237992065845974,0.5292755196617269,0.5358618552315063,0.5389172871302708,0.5390384538660591,0.5410751905523765,0.5402031438715629,0.5393100197519087,0.5388755209059144,0.5378542351631207,0.5384044667345841,0.5383598413864186,0.5370734917786707,0.5363518485530434,0
0.01661657115525856,0.01588664768381687,0.015797126683727108,0.016648844164710547,0.019853194066190013,0.027673260182888532,0.03665243923109045,0.04606095304357446,0.053040478976902845,0.05879942454510027,0.062400555514640285,0.06279204494309962,0.05386363369687005,0.03952060455091055,0.033378524362984226,0.03543348159664649,0.040418434326104445,0.03588187354360503,0.035504110343350215,0.06689862217648294,0.1503755495585858,0.24940517834105233,0.30888566139169477,0.349429420057466,0.3746117179901264,0.3916912898178446,0.4026683461157496,0.41350766870125166,0.42285237200848724,0.437017843603354,0.4465042884441959,0.4472948764304967,0.4526620167777558,0.450936788479899,0.446140350383085,0.43881817301680714,0.431927636592941,0.43057623935285083,0.43192868685682856,0.4305920859736307,0.42875380470666946,1
0.01112675900921333,0.010956168521781983,0.011699991653560598,0.014062388349102537,0.02061985671745023,0.029941420747687904,0.03921586857889516,0.049940638405637554,0.05873248791235542,0.06732161364300414,0.07483371156510253,0.08061330274168287,0.07458633683947764,0.058865649960118525,0.05108878839943271,0.05727622991457343,0.0685283535020773,0.06001210841323238,0.05949686453007036,0.11305695371031212,0.20052346651976904,0.2609653979483125,0.2891427902254808,0.3092727573067853,0.32465634868161064,0.3364994552865571,0.34748163702280965,0.35750763152833354,0.36642783261464035,0.3761157347343844,0.3833803684518777,0.3886065432705335,0.3945965233691363,0.3999133331365982,0.40279733148614555,0.40688911611916023,0.4097442909183848,0.41258473819729546,0.41567309477342307,0.4184524893891203,0.4210468617250755,0
0.008431606852842194,0.008437356735152808,0.008895784238551169,0.009270293126141206,0.010750069763072701,0.014352060121901052,0.019039555023021106,0.02389131239251046,0.027874478121814508,0.031266220348742046,0.03352565388627694,0.03423498810887195,0.029940203326368733,0.023366026697996468,0.020531928330412907,0.02171086599729848,0.02447593632756905,0.022629534798447468,0.022919129529491603,0.04017913675023756,0.08982783765302153,0.15355552743965714,0.19884244980221386,0.22994895568191479,0.25114136731438247,0.26702675427970346,0.27911787530671067,0.2908267252326876,0.3025042873014554,0.3174494143636721,0.32896199170911217,0.33455113029886846,0.3434035513036909,0.34529732890299913,0.3428331811262585,0.3361521539745514,0.3317737270857963,0.33510631668464147,0.33990852071267613,0.3419214806726552,0.3426581499922454,1
0.020959742239563737,0.01970009994102716,0.020256790466283613,0.024551956287855663,0.03687650850910049,0.05499609199191237,0.07125004791594125,0.0880748294535672,0.10143528501370969,0.11346202376127526,0.12341086179254793,0.13021451590687227,0.12009166545077149,0.09553797330367247,0.08279452689630114,0.09162622688725315,0.10670796298515357,0.09396413231350569,0.09280426682916486,0.16606068967791673,0.2725751744015425,0.33889931110528837,0.3689921650710303,0.38850487937818523,0.4024471656570632,0.41491456235057866,0.4235294285294328,0.43231550317019257,0.44020933331612755,0.4485172493169606,0.4542486626728371,0.45785245431941207,0.4628969758301945,0.46514626328781405,0.4675560727626173,0.4693851768561812,0.47193933904854535,0.47364906627608144,0.4758852244687349,0.4782617320227303,0.479160956581945,0
0.004232446565800496,0.004487596925329795,0.00476307070315727,0.005299870782955979,0.005982718405690003,0.008126896715628709,0.010808347009819391,0.013897607966972345,0.016697579406926562,0.01895160659570773,0.021145719780888535,0.022142220544841353,0.02029345203273917,0.016419122155084866,0.01496230949894303,0.01584364038677697,0.018200600776267145,0.01737769431921176,0.01788495676040134,0.0319194830303768,0.06849997423219374,0.1130235760745497,0.1438543202779675,0.16610095243012338,0.18303831170956036,0.19635054025000812,0.20619114548458406,0.21736614535321538,0.2281388848509651,0.2411727662040909,0.25219435449568683,0.25930208792735193,0.2678471721612421,0.272537135887639,0.27431508223701506,0.2733222550614184,0.2727193135909216,0.27820114028503184,0.28378769761296485,0.28835120613207893,0.29085249472540553,1
0.022486935492984708,0.021925291261946114,0.02354018765678259,0.029314831662038764,0.04340008204103494,0.06119838219206122,0.07627596811294177,0.09138719343402307,0.10401197305142558,0.11583798087346327,0.12718140481548368,0.13586578063544993,0.13359597803795079,0.11776502807116843,0.1084777162158151,0.11947648652082522,0.13610975430414132,0.12655859651226956,0.12681794183849596,0.193220057943351,0.2638558189790033,0.30288042560963935,0.3224572230676679,0.3378376485880194,0.3507250773586127,0.36207874797245837,0.37115769957681893,0.3808598776912544,0.3905570154514332,0.39897013881983034,0.4063038336553375,0.4119437837130766,0.4180123427657298,0.4228476784514997,0.42733164692636094,0.4323754181254408,0.4351846324406424,0.4403824191800855,0.44527814270462307,0.44849856561381407,0.45193420893135183,0
0.012221494388520049,0.012211860415084411,0.012490872427686742,0.013335705846751433,0.014916686896286831,0.01999835185889624,0.025778966349120896,0.032073791444992,0.03680929715660777,0.040928406667042574,0.04362059741015404,0.04418430261997016,0.03820583105097187,0.02873735169391056,0.02507030495349228,0.026464966760392998,0.02974116870941743,0.026881860765917396,0.026843934011570692,0.04865203363776607,0.11331821635141569,0.19753892801903822,0.25573883958516597,0.2951797288413917,0.3207967776790593,0.3386258493224203,0.35010936461989467,0.3616332595846962,0.3720250925101152,0.3865915090697419,0.3962140433484368,0.39701891076253787,0.4035769836876374,0.4020724995549321,0.39624626947167757,0.38728575722596137,0.3800718833780149,0.37990550443667226,0.3816557717530456,0.3789985087938916,0.37785323144450567,1
0.01075048252135307,0.010600804862237554,0.011310698814475396,0.013144195495390355,0.018976818861701352,0.02783758888037072,0.03659887973462102,0.0469717650924641,0.05575423766711207,0.0638395084640394,0.07126540254752668,0.07597758106810822,0.0680324320513525,0.05170620695688809,0.04419707342780512,0.049850088610540466,0.05989237893538224,0.0515378049088484,0.05071448013943197,0.1015005996121883,0.19726590945946093,0.2716638288415466,0.3079863100792539,0.3315054790375804,0.3485644403249551,0.3619239005412937,0.3714795033320789,0.3812661422801187,0.38935731035641563,0.398003987644671,0.40472020233252076,0.4071222717546549,0.41139855645102935,0.4135586129641071,0.41520684240530037,0.41755594496595205,0.41831578566167194,0.41975320073702344,0.42055490205417895,0.4215559433154992,0.4223017195616626,0
0.009023318966069099,0.00908042699294412,0.009421379092857729,0.010137094167720576,0.012316242546587296,0.01730205412913014,0.023224294893419133,0.029745645034032465,0.034911066507705035,0.039524462114389196,0.042792363245172896,0.044770707496727416,0.03928683679423771,0.029562706646049812,0.025679764876218425,0.027491612247540032,0.03172241736154763,0.028717427892020694,0.028831194746279085,0.05476289502977073,0.12041643994956493,0.19314859218926342,0.23817461849470362,0.26968431398419307,0.29014273211344865,0.3051808797618008,0.3172152781987522,0.32838230476943314,0.3393376798218106,0.3525318289160525,0.3616744543170278,0.365797802591062,0.3733641857565863,0.3749793088831078,0.37447442994552016,0.3708415223389295,0.3684693031412724,0.3708540284694467,0.37338319611313303,0.374405002225757,0.37492902315080445,1
0.004674857140285628,0.005041796900605786,0.005407373090192449,0.006340632593587946,0.008846497433721713,0.012928736393420267,0.017450271459731038,0.022717736875145063,0.0278177631320671,0.03269154253370077,0.03764186098526251,0.04160505307567752,0.03922697411727597,0.03160283431134633,0.028066761487574757,0.03201961223716882,0.03887927775720093,0.034727342142145894,0.03506008973313448,0.06820676693317496,0.12799641370623274,0.17404368045791155,0.19751493718218055,0.2159465331918637,0.22956174576136423,0.24166771152492902,0.2517503145559209,0.2619792973560449,0.2717199505701006,0.28204256823629953,0.29025488737104976,0.29607596049797064,0.3028018600483966,0.30885848760992146,0.31427826286795885,0.3185785516516628,0.32329207565868806,0.3279857665747126,0.33243530317047876,0.33656110868836747,0.34064286267982274,0
0.009227566791959617,0.009272210164214392,0.009621197416329077,0.010237098049652345,0.011663316463985022,0.015397821430900266,0.020000598856878143,0.024728252203017737,0.028938478221831106,0.03225658031172518,0.0345406855057103,0.03552125172391554,0.030828395644115884,0.02394051731103865,0.02098653969949957,0.02233560006661416,0.024806791449521956,0.022855267248423967,0.023215937108389983,0.04078690606557204,0.0931120332779924,0.16152302698195303,0.21011525141683243,0.24455398145079393,0.26718644861214746,0.28344022696414317,0.2956424964993592,0.3072647437292032,0.3187533374855921,0.3344338398741293,0.34543266668482625,0.34996625539603887,0.35796234020678286,0.3587141344458025,0.355071054586894,0.34693200199174906,0.3413381916955938,0.343669562519975,0.3476616410433818,0.3481243927904835,0.3480569716519084,1
